Epoch,MSE_NZ_batch,MSE_NZ_valid
0.0,0.08730585128068924,0.0882832482457161
1.0,0.00767349312081933,0.00747275073081255
10.0,0.00623399717733264,0.006225957535207272
20.0,0.0057141222059726715,0.005904824938625097
