Epoch,MSE_NZ_batch,MSE_NZ_valid
0.0,0.02623511478304863,0.02623567543923855
1.0,0.002915811026468873,0.0029031960293650627
10.0,0.0022481188643723726,0.0021989461965858936
20.0,0.00212970282882452,0.002099887002259493
